example_index,path,steps_to_correct,universal_difficulty_rank
0,/home/projects/bagon/shared/imagenet512/val/n02389026/ILSVRC2012_val_00042235.JPEG,9,15194
1,/home/projects/bagon/shared/imagenet512/val/n03133878/ILSVRC2012_val_00031362.JPEG,1,15198
2,/home/projects/bagon/shared/imagenet512/val/n02325366/ILSVRC2012_val_00000685.JPEG,9,17042
3,/home/projects/bagon/shared/imagenet512/val/n03535780/ILSVRC2012_val_00045018.JPEG,9,17379
4,/home/projects/bagon/shared/imagenet512/val/n03649909/ILSVRC2012_val_00043398.JPEG,11,18535
5,/home/projects/bagon/shared/imagenet512/val/n03761084/ILSVRC2012_val_00007943.JPEG,10,18552
6,/home/projects/bagon/shared/imagenet512/val/n02027492/ILSVRC2012_val_00048888.JPEG,9,18651
7,/home/projects/bagon/shared/imagenet512/val/n03837869/ILSVRC2012_val_00048742.JPEG,11,18838
8,/home/projects/bagon/shared/imagenet512/val/n02930766/ILSVRC2012_val_00005877.JPEG,9,18931
9,/home/projects/bagon/shared/imagenet512/val/n03492542/ILSVRC2012_val_00010204.JPEG,9,19019
10,/home/projects/bagon/shared/imagenet512/val/n02268443/ILSVRC2012_val_00017556.JPEG,10,19482
11,/home/projects/bagon/shared/imagenet512/val/n02106662/ILSVRC2012_val_00028009.JPEG,1,19703
12,/home/projects/bagon/shared/imagenet512/val/n07880968/ILSVRC2012_val_00011471.JPEG,10,19805
13,/home/projects/bagon/shared/imagenet512/val/n03527444/ILSVRC2012_val_00049828.JPEG,11,19886
14,/home/projects/bagon/shared/imagenet512/val/n09229709/ILSVRC2012_val_00022910.JPEG,10,19978
15,/home/projects/bagon/shared/imagenet512/val/n02672831/ILSVRC2012_val_00021384.JPEG,9,19990
16,/home/projects/bagon/shared/imagenet512/val/n03314780/ILSVRC2012_val_00024069.JPEG,11,20365
17,/home/projects/bagon/shared/imagenet512/val/n03127747/ILSVRC2012_val_00044282.JPEG,9,20427
18,/home/projects/bagon/shared/imagenet512/val/n03141823/ILSVRC2012_val_00040888.JPEG,8,20525
19,/home/projects/bagon/shared/imagenet512/val/n03662601/ILSVRC2012_val_00035374.JPEG,9,20657
20,/home/projects/bagon/shared/imagenet512/val/n03291819/ILSVRC2012_val_00029928.JPEG,10,20704
21,/home/projects/bagon/shared/imagenet512/val/n01784675/ILSVRC2012_val_00020046.JPEG,9,20811
22,/home/projects/bagon/shared/imagenet512/val/n02860847/ILSVRC2012_val_00033253.JPEG,10,21273
23,/home/projects/bagon/shared/imagenet512/val/n03388043/ILSVRC2012_val_00032020.JPEG,8,21435
24,/home/projects/bagon/shared/imagenet512/val/n01784675/ILSVRC2012_val_00030825.JPEG,10,21753
25,/home/projects/bagon/shared/imagenet512/val/n04125021/ILSVRC2012_val_00024752.JPEG,9,21770
26,/home/projects/bagon/shared/imagenet512/val/n03424325/ILSVRC2012_val_00015369.JPEG,8,21967
27,/home/projects/bagon/shared/imagenet512/val/n02102177/ILSVRC2012_val_00006630.JPEG,10,21976
28,/home/projects/bagon/shared/imagenet512/val/n02099712/ILSVRC2012_val_00046817.JPEG,9,22011
29,/home/projects/bagon/shared/imagenet512/val/n02037110/ILSVRC2012_val_00000548.JPEG,9,22359
30,/home/projects/bagon/shared/imagenet512/val/n02088094/ILSVRC2012_val_00016722.JPEG,9,22452
31,/home/projects/bagon/shared/imagenet512/val/n04456115/ILSVRC2012_val_00039596.JPEG,10,22567
32,/home/projects/bagon/shared/imagenet512/val/n02102177/ILSVRC2012_val_00025493.JPEG,10,22727
33,/home/projects/bagon/shared/imagenet512/val/n02098413/ILSVRC2012_val_00038403.JPEG,11,22765
34,/home/projects/bagon/shared/imagenet512/val/n03598930/ILSVRC2012_val_00031067.JPEG,9,22802
35,/home/projects/bagon/shared/imagenet512/val/n09229709/ILSVRC2012_val_00037848.JPEG,11,22823
36,/home/projects/bagon/shared/imagenet512/val/n04371774/ILSVRC2012_val_00044683.JPEG,10,22826
37,/home/projects/bagon/shared/imagenet512/val/n02071294/ILSVRC2012_val_00047523.JPEG,10,22884
38,/home/projects/bagon/shared/imagenet512/val/n02328150/ILSVRC2012_val_00015153.JPEG,10,22916
39,/home/projects/bagon/shared/imagenet512/val/n01768244/ILSVRC2012_val_00001272.JPEG,9,22954
40,/home/projects/bagon/shared/imagenet512/val/n02869837/ILSVRC2012_val_00038441.JPEG,9,22982
41,/home/projects/bagon/shared/imagenet512/val/n02980441/ILSVRC2012_val_00006522.JPEG,8,23062
42,/home/projects/bagon/shared/imagenet512/val/n02791124/ILSVRC2012_val_00021359.JPEG,9,23114
43,/home/projects/bagon/shared/imagenet512/val/n01560419/ILSVRC2012_val_00026929.JPEG,10,23164
44,/home/projects/bagon/shared/imagenet512/val/n03594945/ILSVRC2012_val_00037128.JPEG,11,23165
45,/home/projects/bagon/shared/imagenet512/val/n04201297/ILSVRC2012_val_00015864.JPEG,9,23271
46,/home/projects/bagon/shared/imagenet512/val/n02114367/ILSVRC2012_val_00045453.JPEG,12,23385
47,/home/projects/bagon/shared/imagenet512/val/n02106550/ILSVRC2012_val_00032554.JPEG,10,23554
48,/home/projects/bagon/shared/imagenet512/val/n02233338/ILSVRC2012_val_00010888.JPEG,11,23565
49,/home/projects/bagon/shared/imagenet512/val/n04039381/ILSVRC2012_val_00037671.JPEG,9,23577
50,/home/projects/bagon/shared/imagenet512/val/n04086273/ILSVRC2012_val_00012865.JPEG,9,23585
51,/home/projects/bagon/shared/imagenet512/val/n04525305/ILSVRC2012_val_00033818.JPEG,9,23592
52,/home/projects/bagon/shared/imagenet512/val/n03786901/ILSVRC2012_val_00028780.JPEG,10,23646
53,/home/projects/bagon/shared/imagenet512/val/n02096051/ILSVRC2012_val_00027860.JPEG,9,23660
54,/home/projects/bagon/shared/imagenet512/val/n04259630/ILSVRC2012_val_00006089.JPEG,9,23913
55,/home/projects/bagon/shared/imagenet512/val/n04162706/ILSVRC2012_val_00029687.JPEG,9,23956
56,/home/projects/bagon/shared/imagenet512/val/n02110063/ILSVRC2012_val_00026119.JPEG,10,24197
57,/home/projects/bagon/shared/imagenet512/val/n03085013/ILSVRC2012_val_00038711.JPEG,10,24237
58,/home/projects/bagon/shared/imagenet512/val/n03803284/ILSVRC2012_val_00030040.JPEG,10,24266
59,/home/projects/bagon/shared/imagenet512/val/n02219486/ILSVRC2012_val_00045673.JPEG,11,24282
60,/home/projects/bagon/shared/imagenet512/val/n02883205/ILSVRC2012_val_00047478.JPEG,10,24289
61,/home/projects/bagon/shared/imagenet512/val/n02134084/ILSVRC2012_val_00030704.JPEG,10,24332
62,/home/projects/bagon/shared/imagenet512/val/n02701002/ILSVRC2012_val_00025443.JPEG,8,24339
63,/home/projects/bagon/shared/imagenet512/val/n03272010/ILSVRC2012_val_00021729.JPEG,9,24371
64,/home/projects/bagon/shared/imagenet512/val/n03637318/ILSVRC2012_val_00035240.JPEG,11,24418
65,/home/projects/bagon/shared/imagenet512/val/n02134084/ILSVRC2012_val_00001498.JPEG,9,24461
66,/home/projects/bagon/shared/imagenet512/val/n03782006/ILSVRC2012_val_00049784.JPEG,10,24466
67,/home/projects/bagon/shared/imagenet512/val/n02860847/ILSVRC2012_val_00048796.JPEG,9,24613
68,/home/projects/bagon/shared/imagenet512/val/n01728572/ILSVRC2012_val_00008399.JPEG,9,24631
69,/home/projects/bagon/shared/imagenet512/val/n09472597/ILSVRC2012_val_00038462.JPEG,10,24897
70,/home/projects/bagon/shared/imagenet512/val/n09468604/ILSVRC2012_val_00037143.JPEG,11,24898
71,/home/projects/bagon/shared/imagenet512/val/n02317335/ILSVRC2012_val_00043929.JPEG,9,24916
72,/home/projects/bagon/shared/imagenet512/val/n02028035/ILSVRC2012_val_00024808.JPEG,10,24924
73,/home/projects/bagon/shared/imagenet512/val/n02328150/ILSVRC2012_val_00014708.JPEG,9,24943
74,/home/projects/bagon/shared/imagenet512/val/n12267677/ILSVRC2012_val_00028871.JPEG,10,25014
75,/home/projects/bagon/shared/imagenet512/val/n02111277/ILSVRC2012_val_00046591.JPEG,10,25067
76,/home/projects/bagon/shared/imagenet512/val/n03598930/ILSVRC2012_val_00022944.JPEG,10,25179
77,/home/projects/bagon/shared/imagenet512/val/n02814533/ILSVRC2012_val_00006084.JPEG,9,25204
78,/home/projects/bagon/shared/imagenet512/val/n01644373/ILSVRC2012_val_00043303.JPEG,9,25215
79,/home/projects/bagon/shared/imagenet512/val/n02514041/ILSVRC2012_val_00034528.JPEG,10,25244
80,/home/projects/bagon/shared/imagenet512/val/n03063599/ILSVRC2012_val_00043571.JPEG,9,25362
81,/home/projects/bagon/shared/imagenet512/val/n02099601/ILSVRC2012_val_00021654.JPEG,9,25400
82,/home/projects/bagon/shared/imagenet512/val/n02883205/ILSVRC2012_val_00034967.JPEG,9,25413
83,/home/projects/bagon/shared/imagenet512/val/n01855672/ILSVRC2012_val_00013794.JPEG,12,25423
84,/home/projects/bagon/shared/imagenet512/val/n03476991/ILSVRC2012_val_00026637.JPEG,10,25428
85,/home/projects/bagon/shared/imagenet512/val/n03445924/ILSVRC2012_val_00016950.JPEG,9,25433
86,/home/projects/bagon/shared/imagenet512/val/n02408429/ILSVRC2012_val_00005951.JPEG,9,25455
87,/home/projects/bagon/shared/imagenet512/val/n01883070/ILSVRC2012_val_00014458.JPEG,9,25458
88,/home/projects/bagon/shared/imagenet512/val/n02823428/ILSVRC2012_val_00008232.JPEG,10,25536
89,/home/projects/bagon/shared/imagenet512/val/n02951585/ILSVRC2012_val_00030511.JPEG,10,25573
90,/home/projects/bagon/shared/imagenet512/val/n02127052/ILSVRC2012_val_00017717.JPEG,9,25663
91,/home/projects/bagon/shared/imagenet512/val/n03538406/ILSVRC2012_val_00034938.JPEG,10,25745
92,/home/projects/bagon/shared/imagenet512/val/n07730033/ILSVRC2012_val_00035928.JPEG,10,25775
93,/home/projects/bagon/shared/imagenet512/val/n01616318/ILSVRC2012_val_00030618.JPEG,9,25782
94,/home/projects/bagon/shared/imagenet512/val/n04118538/ILSVRC2012_val_00019086.JPEG,11,25899
95,/home/projects/bagon/shared/imagenet512/val/n02117135/ILSVRC2012_val_00026516.JPEG,10,25910
96,/home/projects/bagon/shared/imagenet512/val/n02484975/ILSVRC2012_val_00036219.JPEG,10,25919
97,/home/projects/bagon/shared/imagenet512/val/n02804610/ILSVRC2012_val_00001369.JPEG,11,25924
98,/home/projects/bagon/shared/imagenet512/val/n02443484/ILSVRC2012_val_00041260.JPEG,8,25947
99,/home/projects/bagon/shared/imagenet512/val/n02666196/ILSVRC2012_val_00034444.JPEG,10,25966
100,/home/projects/bagon/shared/imagenet512/val/n02111500/ILSVRC2012_val_00048125.JPEG,9,25972
101,/home/projects/bagon/shared/imagenet512/val/n02977058/ILSVRC2012_val_00003667.JPEG,9,26016
102,/home/projects/bagon/shared/imagenet512/val/n02110806/ILSVRC2012_val_00010686.JPEG,1,26042
103,/home/projects/bagon/shared/imagenet512/val/n02395406/ILSVRC2012_val_00033668.JPEG,1,26147
104,/home/projects/bagon/shared/imagenet512/val/n04099969/ILSVRC2012_val_00028947.JPEG,9,26153
105,/home/projects/bagon/shared/imagenet512/val/n02865351/ILSVRC2012_val_00004714.JPEG,10,26178
106,/home/projects/bagon/shared/imagenet512/val/n03443371/ILSVRC2012_val_00026964.JPEG,8,26221
107,/home/projects/bagon/shared/imagenet512/val/n03187595/ILSVRC2012_val_00028407.JPEG,9,26351
108,/home/projects/bagon/shared/imagenet512/val/n02093991/ILSVRC2012_val_00039027.JPEG,9,26356
109,/home/projects/bagon/shared/imagenet512/val/n02090622/ILSVRC2012_val_00031672.JPEG,10,26359
110,/home/projects/bagon/shared/imagenet512/val/n02105641/ILSVRC2012_val_00017997.JPEG,10,26486
111,/home/projects/bagon/shared/imagenet512/val/n03272010/ILSVRC2012_val_00000467.JPEG,10,26502
112,/home/projects/bagon/shared/imagenet512/val/n03598930/ILSVRC2012_val_00015328.JPEG,9,26558
113,/home/projects/bagon/shared/imagenet512/val/n03494278/ILSVRC2012_val_00023742.JPEG,9,26572
114,/home/projects/bagon/shared/imagenet512/val/n01877812/ILSVRC2012_val_00042504.JPEG,10,26579
115,/home/projects/bagon/shared/imagenet512/val/n04467665/ILSVRC2012_val_00015969.JPEG,10,26637
116,/home/projects/bagon/shared/imagenet512/val/n02794156/ILSVRC2012_val_00033746.JPEG,9,26667
117,/home/projects/bagon/shared/imagenet512/val/n04136333/ILSVRC2012_val_00022506.JPEG,1,26717
118,/home/projects/bagon/shared/imagenet512/val/n03141823/ILSVRC2012_val_00014253.JPEG,8,26741
119,/home/projects/bagon/shared/imagenet512/val/n03527444/ILSVRC2012_val_00040655.JPEG,9,26742
120,/home/projects/bagon/shared/imagenet512/val/n02777292/ILSVRC2012_val_00045397.JPEG,9,26777
121,/home/projects/bagon/shared/imagenet512/val/n01872401/ILSVRC2012_val_00049621.JPEG,11,26798
122,/home/projects/bagon/shared/imagenet512/val/n01687978/ILSVRC2012_val_00041253.JPEG,10,26807
123,/home/projects/bagon/shared/imagenet512/val/n02113799/ILSVRC2012_val_00047026.JPEG,10,26818
124,/home/projects/bagon/shared/imagenet512/val/n02095314/ILSVRC2012_val_00048955.JPEG,10,26821
125,/home/projects/bagon/shared/imagenet512/val/n02325366/ILSVRC2012_val_00049739.JPEG,10,26829
126,/home/projects/bagon/shared/imagenet512/val/n03089624/ILSVRC2012_val_00018244.JPEG,9,26852
127,/home/projects/bagon/shared/imagenet512/val/n01667114/ILSVRC2012_val_00013299.JPEG,8,26874
128,/home/projects/bagon/shared/imagenet512/val/n03459775/ILSVRC2012_val_00036721.JPEG,9,26904
129,/home/projects/bagon/shared/imagenet512/val/n02786058/ILSVRC2012_val_00024570.JPEG,9,26950
130,/home/projects/bagon/shared/imagenet512/val/n04335435/ILSVRC2012_val_00048230.JPEG,9,26954
131,/home/projects/bagon/shared/imagenet512/val/n03457902/ILSVRC2012_val_00010226.JPEG,9,26955
132,/home/projects/bagon/shared/imagenet512/val/n07714571/ILSVRC2012_val_00015805.JPEG,11,26958
133,/home/projects/bagon/shared/imagenet512/val/n07615774/ILSVRC2012_val_00048168.JPEG,10,26976
134,/home/projects/bagon/shared/imagenet512/val/n02363005/ILSVRC2012_val_00017230.JPEG,9,26994
135,/home/projects/bagon/shared/imagenet512/val/n02786058/ILSVRC2012_val_00025675.JPEG,9,27014
136,/home/projects/bagon/shared/imagenet512/val/n04040759/ILSVRC2012_val_00006420.JPEG,9,27102
137,/home/projects/bagon/shared/imagenet512/val/n02808304/ILSVRC2012_val_00020121.JPEG,11,27122
138,/home/projects/bagon/shared/imagenet512/val/n04208210/ILSVRC2012_val_00002164.JPEG,9,27131
139,/home/projects/bagon/shared/imagenet512/val/n01735189/ILSVRC2012_val_00034587.JPEG,10,27150
140,/home/projects/bagon/shared/imagenet512/val/n04208210/ILSVRC2012_val_00010795.JPEG,10,27160
141,/home/projects/bagon/shared/imagenet512/val/n03775071/ILSVRC2012_val_00016004.JPEG,10,27192
142,/home/projects/bagon/shared/imagenet512/val/n04136333/ILSVRC2012_val_00010408.JPEG,10,27195
143,/home/projects/bagon/shared/imagenet512/val/n02536864/ILSVRC2012_val_00018836.JPEG,9,27211
144,/home/projects/bagon/shared/imagenet512/val/n03240683/ILSVRC2012_val_00025593.JPEG,10,27227
145,/home/projects/bagon/shared/imagenet512/val/n02361337/ILSVRC2012_val_00037289.JPEG,10,27237
146,/home/projects/bagon/shared/imagenet512/val/n07583066/ILSVRC2012_val_00026941.JPEG,9,27257
147,/home/projects/bagon/shared/imagenet512/val/n03538406/ILSVRC2012_val_00034261.JPEG,8,27280
148,/home/projects/bagon/shared/imagenet512/val/n04482393/ILSVRC2012_val_00029138.JPEG,8,27320
149,/home/projects/bagon/shared/imagenet512/val/n04252077/ILSVRC2012_val_00006217.JPEG,8,27359
150,/home/projects/bagon/shared/imagenet512/val/n03250847/ILSVRC2012_val_00036029.JPEG,10,27383
151,/home/projects/bagon/shared/imagenet512/val/n03017168/ILSVRC2012_val_00038376.JPEG,10,27454
152,/home/projects/bagon/shared/imagenet512/val/n04265275/ILSVRC2012_val_00035322.JPEG,10,27460
153,/home/projects/bagon/shared/imagenet512/val/n03794056/ILSVRC2012_val_00025274.JPEG,11,27464
154,/home/projects/bagon/shared/imagenet512/val/n04479046/ILSVRC2012_val_00004811.JPEG,11,27466
155,/home/projects/bagon/shared/imagenet512/val/n07716358/ILSVRC2012_val_00032041.JPEG,9,27467
156,/home/projects/bagon/shared/imagenet512/val/n02097130/ILSVRC2012_val_00045760.JPEG,9,27495
157,/home/projects/bagon/shared/imagenet512/val/n02109525/ILSVRC2012_val_00007813.JPEG,11,27506
158,/home/projects/bagon/shared/imagenet512/val/n02869837/ILSVRC2012_val_00001347.JPEG,8,27520
159,/home/projects/bagon/shared/imagenet512/val/n02804414/ILSVRC2012_val_00020820.JPEG,9,27530
160,/home/projects/bagon/shared/imagenet512/val/n01728920/ILSVRC2012_val_00047238.JPEG,10,27550
161,/home/projects/bagon/shared/imagenet512/val/n01688243/ILSVRC2012_val_00005056.JPEG,9,27564
162,/home/projects/bagon/shared/imagenet512/val/n01981276/ILSVRC2012_val_00030504.JPEG,9,27568
163,/home/projects/bagon/shared/imagenet512/val/n03920288/ILSVRC2012_val_00019938.JPEG,10,27600
164,/home/projects/bagon/shared/imagenet512/val/n02356798/ILSVRC2012_val_00007457.JPEG,9,27642
165,/home/projects/bagon/shared/imagenet512/val/n04277352/ILSVRC2012_val_00011226.JPEG,9,27646
166,/home/projects/bagon/shared/imagenet512/val/n01582220/ILSVRC2012_val_00029695.JPEG,9,27647
167,/home/projects/bagon/shared/imagenet512/val/n01748264/ILSVRC2012_val_00006426.JPEG,10,27653
168,/home/projects/bagon/shared/imagenet512/val/n03788195/ILSVRC2012_val_00015012.JPEG,9,27670
169,/home/projects/bagon/shared/imagenet512/val/n02133161/ILSVRC2012_val_00046668.JPEG,10,27701
170,/home/projects/bagon/shared/imagenet512/val/n02088364/ILSVRC2012_val_00042531.JPEG,1,27716
171,/home/projects/bagon/shared/imagenet512/val/n03220513/ILSVRC2012_val_00004931.JPEG,9,27745
172,/home/projects/bagon/shared/imagenet512/val/n02096177/ILSVRC2012_val_00048904.JPEG,10,27770
173,/home/projects/bagon/shared/imagenet512/val/n04443257/ILSVRC2012_val_00008594.JPEG,9,27867
174,/home/projects/bagon/shared/imagenet512/val/n01819313/ILSVRC2012_val_00007871.JPEG,9,27868
175,/home/projects/bagon/shared/imagenet512/val/n01728572/ILSVRC2012_val_00019709.JPEG,9,27872
176,/home/projects/bagon/shared/imagenet512/val/n03187595/ILSVRC2012_val_00046351.JPEG,9,27943
177,/home/projects/bagon/shared/imagenet512/val/n01675722/ILSVRC2012_val_00037688.JPEG,9,27944
178,/home/projects/bagon/shared/imagenet512/val/n03249569/ILSVRC2012_val_00008793.JPEG,9,27969
179,/home/projects/bagon/shared/imagenet512/val/n03124170/ILSVRC2012_val_00012841.JPEG,10,27970
180,/home/projects/bagon/shared/imagenet512/val/n02114855/ILSVRC2012_val_00004869.JPEG,10,27972
181,/home/projects/bagon/shared/imagenet512/val/n04409515/ILSVRC2012_val_00008890.JPEG,11,27997
182,/home/projects/bagon/shared/imagenet512/val/n04501370/ILSVRC2012_val_00044881.JPEG,9,28006
183,/home/projects/bagon/shared/imagenet512/val/n02814533/ILSVRC2012_val_00038055.JPEG,8,28028
184,/home/projects/bagon/shared/imagenet512/val/n02102973/ILSVRC2012_val_00003628.JPEG,10,28032
185,/home/projects/bagon/shared/imagenet512/val/n04367480/ILSVRC2012_val_00032459.JPEG,10,28043
186,/home/projects/bagon/shared/imagenet512/val/n04153751/ILSVRC2012_val_00005819.JPEG,9,28047
187,/home/projects/bagon/shared/imagenet512/val/n04482393/ILSVRC2012_val_00013099.JPEG,8,28075
188,/home/projects/bagon/shared/imagenet512/val/n04613696/ILSVRC2012_val_00009584.JPEG,10,28080
189,/home/projects/bagon/shared/imagenet512/val/n03584254/ILSVRC2012_val_00010685.JPEG,10,28082
190,/home/projects/bagon/shared/imagenet512/val/n02097130/ILSVRC2012_val_00009030.JPEG,9,28083
191,/home/projects/bagon/shared/imagenet512/val/n02825657/ILSVRC2012_val_00004291.JPEG,10,28095
192,/home/projects/bagon/shared/imagenet512/val/n02415577/ILSVRC2012_val_00024759.JPEG,9,28099
193,/home/projects/bagon/shared/imagenet512/val/n02782093/ILSVRC2012_val_00026032.JPEG,12,28154
194,/home/projects/bagon/shared/imagenet512/val/n04296562/ILSVRC2012_val_00044762.JPEG,9,28186
195,/home/projects/bagon/shared/imagenet512/val/n01682714/ILSVRC2012_val_00043774.JPEG,9,28188
196,/home/projects/bagon/shared/imagenet512/val/n02777292/ILSVRC2012_val_00024313.JPEG,9,28237
197,/home/projects/bagon/shared/imagenet512/val/n02099712/ILSVRC2012_val_00011507.JPEG,10,28241
198,/home/projects/bagon/shared/imagenet512/val/n04033901/ILSVRC2012_val_00023962.JPEG,10,28248
199,/home/projects/bagon/shared/imagenet512/val/n04136333/ILSVRC2012_val_00039828.JPEG,11,28277
200,/home/projects/bagon/shared/imagenet512/val/n04243546/ILSVRC2012_val_00046861.JPEG,11,28297
201,/home/projects/bagon/shared/imagenet512/val/n02799071/ILSVRC2012_val_00024202.JPEG,10,28317
202,/home/projects/bagon/shared/imagenet512/val/n04542943/ILSVRC2012_val_00046566.JPEG,9,28320
203,/home/projects/bagon/shared/imagenet512/val/n03891332/ILSVRC2012_val_00002431.JPEG,11,28370
204,/home/projects/bagon/shared/imagenet512/val/n03250847/ILSVRC2012_val_00004388.JPEG,9,28377
205,/home/projects/bagon/shared/imagenet512/val/n02815834/ILSVRC2012_val_00034097.JPEG,9,28380
206,/home/projects/bagon/shared/imagenet512/val/n03781244/ILSVRC2012_val_00018653.JPEG,9,28402
207,/home/projects/bagon/shared/imagenet512/val/n04263257/ILSVRC2012_val_00000004.JPEG,10,28407
208,/home/projects/bagon/shared/imagenet512/val/n03492542/ILSVRC2012_val_00029404.JPEG,8,28492
209,/home/projects/bagon/shared/imagenet512/val/n03920288/ILSVRC2012_val_00032717.JPEG,10,28505
210,/home/projects/bagon/shared/imagenet512/val/n01744401/ILSVRC2012_val_00005286.JPEG,9,28526
211,/home/projects/bagon/shared/imagenet512/val/n02096051/ILSVRC2012_val_00041551.JPEG,1,28553
212,/home/projects/bagon/shared/imagenet512/val/n02123597/ILSVRC2012_val_00011528.JPEG,11,28558
213,/home/projects/bagon/shared/imagenet512/val/n02481823/ILSVRC2012_val_00012253.JPEG,9,28601
214,/home/projects/bagon/shared/imagenet512/val/n01795545/ILSVRC2012_val_00043130.JPEG,10,28613
215,/home/projects/bagon/shared/imagenet512/val/n03417042/ILSVRC2012_val_00016208.JPEG,10,28619
216,/home/projects/bagon/shared/imagenet512/val/n04141975/ILSVRC2012_val_00039660.JPEG,11,28632
217,/home/projects/bagon/shared/imagenet512/val/n03314780/ILSVRC2012_val_00017163.JPEG,9,28704
218,/home/projects/bagon/shared/imagenet512/val/n02487347/ILSVRC2012_val_00048662.JPEG,10,28709
219,/home/projects/bagon/shared/imagenet512/val/n04090263/ILSVRC2012_val_00003780.JPEG,9,28722
220,/home/projects/bagon/shared/imagenet512/val/n07753275/ILSVRC2012_val_00012119.JPEG,9,28728
221,/home/projects/bagon/shared/imagenet512/val/n03272010/ILSVRC2012_val_00040569.JPEG,10,28736
222,/home/projects/bagon/shared/imagenet512/val/n02096294/ILSVRC2012_val_00047658.JPEG,10,28741
223,/home/projects/bagon/shared/imagenet512/val/n02951585/ILSVRC2012_val_00024763.JPEG,9,28743
224,/home/projects/bagon/shared/imagenet512/val/n02641379/ILSVRC2012_val_00033541.JPEG,10,28748
225,/home/projects/bagon/shared/imagenet512/val/n03291819/ILSVRC2012_val_00027257.JPEG,10,28757
226,/home/projects/bagon/shared/imagenet512/val/n02236044/ILSVRC2012_val_00041950.JPEG,9,28758
227,/home/projects/bagon/shared/imagenet512/val/n01748264/ILSVRC2012_val_00030306.JPEG,11,28760
228,/home/projects/bagon/shared/imagenet512/val/n02115641/ILSVRC2012_val_00046318.JPEG,11,28761
229,/home/projects/bagon/shared/imagenet512/val/n03218198/ILSVRC2012_val_00042495.JPEG,9,28786
230,/home/projects/bagon/shared/imagenet512/val/n04367480/ILSVRC2012_val_00017582.JPEG,10,28797
231,/home/projects/bagon/shared/imagenet512/val/n03954731/ILSVRC2012_val_00041121.JPEG,10,28862
232,/home/projects/bagon/shared/imagenet512/val/n01698640/ILSVRC2012_val_00023902.JPEG,9,28863
233,/home/projects/bagon/shared/imagenet512/val/n02106550/ILSVRC2012_val_00047977.JPEG,11,28871
234,/home/projects/bagon/shared/imagenet512/val/n02231487/ILSVRC2012_val_00047601.JPEG,1,28879
235,/home/projects/bagon/shared/imagenet512/val/n04404412/ILSVRC2012_val_00035390.JPEG,10,28888
236,/home/projects/bagon/shared/imagenet512/val/n01978287/ILSVRC2012_val_00023583.JPEG,10,28892
237,/home/projects/bagon/shared/imagenet512/val/n03457902/ILSVRC2012_val_00016907.JPEG,9,28896
238,/home/projects/bagon/shared/imagenet512/val/n02125311/ILSVRC2012_val_00038675.JPEG,10,28906
239,/home/projects/bagon/shared/imagenet512/val/n03887697/ILSVRC2012_val_00009790.JPEG,11,28909
240,/home/projects/bagon/shared/imagenet512/val/n04120489/ILSVRC2012_val_00004532.JPEG,11,28923
241,/home/projects/bagon/shared/imagenet512/val/n04515003/ILSVRC2012_val_00046319.JPEG,8,28948
242,/home/projects/bagon/shared/imagenet512/val/n03201208/ILSVRC2012_val_00024188.JPEG,10,28987
243,/home/projects/bagon/shared/imagenet512/val/n01729977/ILSVRC2012_val_00026583.JPEG,9,28999
244,/home/projects/bagon/shared/imagenet512/val/n02104029/ILSVRC2012_val_00043543.JPEG,11,29055
245,/home/projects/bagon/shared/imagenet512/val/n04325704/ILSVRC2012_val_00035873.JPEG,10,29056
246,/home/projects/bagon/shared/imagenet512/val/n02488291/ILSVRC2012_val_00014947.JPEG,9,29113
247,/home/projects/bagon/shared/imagenet512/val/n02107908/ILSVRC2012_val_00034410.JPEG,9,29124
248,/home/projects/bagon/shared/imagenet512/val/n01644900/ILSVRC2012_val_00007437.JPEG,10,29128
249,/home/projects/bagon/shared/imagenet512/val/n09399592/ILSVRC2012_val_00021511.JPEG,11,29135
250,/home/projects/bagon/shared/imagenet512/val/n04204347/ILSVRC2012_val_00023293.JPEG,12,29148
251,/home/projects/bagon/shared/imagenet512/val/n01770081/ILSVRC2012_val_00037311.JPEG,12,29151
252,/home/projects/bagon/shared/imagenet512/val/n03838899/ILSVRC2012_val_00041560.JPEG,10,29160
253,/home/projects/bagon/shared/imagenet512/val/n03814639/ILSVRC2012_val_00019686.JPEG,9,29210
254,/home/projects/bagon/shared/imagenet512/val/n04317175/ILSVRC2012_val_00023592.JPEG,9,29211
255,/home/projects/bagon/shared/imagenet512/val/n03075370/ILSVRC2012_val_00037402.JPEG,8,29215
256,/home/projects/bagon/shared/imagenet512/val/n02236044/ILSVRC2012_val_00011932.JPEG,8,29235
257,/home/projects/bagon/shared/imagenet512/val/n04005630/ILSVRC2012_val_00015614.JPEG,11,29242
258,/home/projects/bagon/shared/imagenet512/val/n03794056/ILSVRC2012_val_00049431.JPEG,10,29315
259,/home/projects/bagon/shared/imagenet512/val/n04550184/ILSVRC2012_val_00044023.JPEG,11,29316
260,/home/projects/bagon/shared/imagenet512/val/n07695742/ILSVRC2012_val_00025414.JPEG,9,29317
261,/home/projects/bagon/shared/imagenet512/val/n03498962/ILSVRC2012_val_00028576.JPEG,9,29318
262,/home/projects/bagon/shared/imagenet512/val/n03532672/ILSVRC2012_val_00019398.JPEG,11,29321
263,/home/projects/bagon/shared/imagenet512/val/n04154565/ILSVRC2012_val_00022481.JPEG,11,29334
264,/home/projects/bagon/shared/imagenet512/val/n03445924/ILSVRC2012_val_00046656.JPEG,10,29337
265,/home/projects/bagon/shared/imagenet512/val/n03929660/ILSVRC2012_val_00027002.JPEG,1,29341
266,/home/projects/bagon/shared/imagenet512/val/n03325584/ILSVRC2012_val_00007663.JPEG,9,29348
267,/home/projects/bagon/shared/imagenet512/val/n02085936/ILSVRC2012_val_00041529.JPEG,10,29387
268,/home/projects/bagon/shared/imagenet512/val/n04591713/ILSVRC2012_val_00043394.JPEG,9,29395
269,/home/projects/bagon/shared/imagenet512/val/n03933933/ILSVRC2012_val_00018222.JPEG,9,29413
270,/home/projects/bagon/shared/imagenet512/val/n02835271/ILSVRC2012_val_00001311.JPEG,9,29428
271,/home/projects/bagon/shared/imagenet512/val/n02276258/ILSVRC2012_val_00015025.JPEG,10,29431
272,/home/projects/bagon/shared/imagenet512/val/n02361337/ILSVRC2012_val_00015451.JPEG,10,29437
273,/home/projects/bagon/shared/imagenet512/val/n01843383/ILSVRC2012_val_00009974.JPEG,10,29455
274,/home/projects/bagon/shared/imagenet512/val/n02007558/ILSVRC2012_val_00037990.JPEG,10,29456
275,/home/projects/bagon/shared/imagenet512/val/n02607072/ILSVRC2012_val_00017683.JPEG,10,29467
276,/home/projects/bagon/shared/imagenet512/val/n02112137/ILSVRC2012_val_00043838.JPEG,10,29468
277,/home/projects/bagon/shared/imagenet512/val/n09229709/ILSVRC2012_val_00027662.JPEG,9,29473
278,/home/projects/bagon/shared/imagenet512/val/n03467068/ILSVRC2012_val_00042875.JPEG,11,29481
279,/home/projects/bagon/shared/imagenet512/val/n02687172/ILSVRC2012_val_00012386.JPEG,10,29492
280,/home/projects/bagon/shared/imagenet512/val/n03249569/ILSVRC2012_val_00013953.JPEG,8,29542
281,/home/projects/bagon/shared/imagenet512/val/n02417914/ILSVRC2012_val_00034916.JPEG,9,29547
282,/home/projects/bagon/shared/imagenet512/val/n04548362/ILSVRC2012_val_00048305.JPEG,10,29548
283,/home/projects/bagon/shared/imagenet512/val/n03980874/ILSVRC2012_val_00029677.JPEG,8,29550
284,/home/projects/bagon/shared/imagenet512/val/n02125311/ILSVRC2012_val_00035821.JPEG,10,29566
285,/home/projects/bagon/shared/imagenet512/val/n04404412/ILSVRC2012_val_00009652.JPEG,11,29578
286,/home/projects/bagon/shared/imagenet512/val/n04254120/ILSVRC2012_val_00009704.JPEG,1,29583
287,/home/projects/bagon/shared/imagenet512/val/n07892512/ILSVRC2012_val_00012481.JPEG,9,29587
288,/home/projects/bagon/shared/imagenet512/val/n02091467/ILSVRC2012_val_00024649.JPEG,9,29607
289,/home/projects/bagon/shared/imagenet512/val/n01819313/ILSVRC2012_val_00049682.JPEG,9,29609
290,/home/projects/bagon/shared/imagenet512/val/n02112018/ILSVRC2012_val_00039662.JPEG,10,29632
291,/home/projects/bagon/shared/imagenet512/val/n03250847/ILSVRC2012_val_00018610.JPEG,9,29661
292,/home/projects/bagon/shared/imagenet512/val/n03424325/ILSVRC2012_val_00027617.JPEG,12,29680
293,/home/projects/bagon/shared/imagenet512/val/n02363005/ILSVRC2012_val_00012580.JPEG,9,29685
294,/home/projects/bagon/shared/imagenet512/val/n02815834/ILSVRC2012_val_00010486.JPEG,9,29699
295,/home/projects/bagon/shared/imagenet512/val/n03026506/ILSVRC2012_val_00042060.JPEG,10,29720
296,/home/projects/bagon/shared/imagenet512/val/n02504458/ILSVRC2012_val_00033861.JPEG,9,29739
297,/home/projects/bagon/shared/imagenet512/val/n03721384/ILSVRC2012_val_00032461.JPEG,9,29767
298,/home/projects/bagon/shared/imagenet512/val/n02093859/ILSVRC2012_val_00040589.JPEG,10,29778
299,/home/projects/bagon/shared/imagenet512/val/n02950826/ILSVRC2012_val_00012063.JPEG,10,29791
300,/home/projects/bagon/shared/imagenet512/val/n04371774/ILSVRC2012_val_00025323.JPEG,10,29796
301,/home/projects/bagon/shared/imagenet512/val/n02277742/ILSVRC2012_val_00036926.JPEG,9,29797
302,/home/projects/bagon/shared/imagenet512/val/n02124075/ILSVRC2012_val_00013410.JPEG,9,29817
303,/home/projects/bagon/shared/imagenet512/val/n02640242/ILSVRC2012_val_00001436.JPEG,10,29858
304,/home/projects/bagon/shared/imagenet512/val/n02231487/ILSVRC2012_val_00038537.JPEG,10,29872
305,/home/projects/bagon/shared/imagenet512/val/n04483307/ILSVRC2012_val_00028995.JPEG,10,29876
306,/home/projects/bagon/shared/imagenet512/val/n02492660/ILSVRC2012_val_00041501.JPEG,9,29885
307,/home/projects/bagon/shared/imagenet512/val/n03871628/ILSVRC2012_val_00028316.JPEG,9,29896
308,/home/projects/bagon/shared/imagenet512/val/n02133161/ILSVRC2012_val_00019862.JPEG,11,29906
309,/home/projects/bagon/shared/imagenet512/val/n02099267/ILSVRC2012_val_00027230.JPEG,1,29958
310,/home/projects/bagon/shared/imagenet512/val/n03680355/ILSVRC2012_val_00016345.JPEG,9,29960
311,/home/projects/bagon/shared/imagenet512/val/n03803284/ILSVRC2012_val_00049829.JPEG,10,29961
312,/home/projects/bagon/shared/imagenet512/val/n02018207/ILSVRC2012_val_00046081.JPEG,9,29969
313,/home/projects/bagon/shared/imagenet512/val/n03814639/ILSVRC2012_val_00022631.JPEG,9,29983
314,/home/projects/bagon/shared/imagenet512/val/n04392985/ILSVRC2012_val_00017709.JPEG,8,29992
315,/home/projects/bagon/shared/imagenet512/val/n02808304/ILSVRC2012_val_00048417.JPEG,12,30001
316,/home/projects/bagon/shared/imagenet512/val/n02074367/ILSVRC2012_val_00023213.JPEG,9,30005
317,/home/projects/bagon/shared/imagenet512/val/n04254120/ILSVRC2012_val_00022461.JPEG,10,30017
318,/home/projects/bagon/shared/imagenet512/val/n01855032/ILSVRC2012_val_00041982.JPEG,9,30047
319,/home/projects/bagon/shared/imagenet512/val/n01980166/ILSVRC2012_val_00005836.JPEG,10,30054
320,/home/projects/bagon/shared/imagenet512/val/n01829413/ILSVRC2012_val_00005908.JPEG,11,30057
321,/home/projects/bagon/shared/imagenet512/val/n04487394/ILSVRC2012_val_00000479.JPEG,8,30072
322,/home/projects/bagon/shared/imagenet512/val/n04041544/ILSVRC2012_val_00023857.JPEG,10,30073
323,/home/projects/bagon/shared/imagenet512/val/n09256479/ILSVRC2012_val_00015661.JPEG,9,30103
324,/home/projects/bagon/shared/imagenet512/val/n03404251/ILSVRC2012_val_00015466.JPEG,10,30134
325,/home/projects/bagon/shared/imagenet512/val/n02787622/ILSVRC2012_val_00024757.JPEG,9,30136
326,/home/projects/bagon/shared/imagenet512/val/n03843555/ILSVRC2012_val_00028014.JPEG,9,30150
327,/home/projects/bagon/shared/imagenet512/val/n03877472/ILSVRC2012_val_00019632.JPEG,9,30158
328,/home/projects/bagon/shared/imagenet512/val/n02859443/ILSVRC2012_val_00041484.JPEG,10,30164
329,/home/projects/bagon/shared/imagenet512/val/n02727426/ILSVRC2012_val_00020093.JPEG,8,30204
330,/home/projects/bagon/shared/imagenet512/val/n03920288/ILSVRC2012_val_00036928.JPEG,11,30205
331,/home/projects/bagon/shared/imagenet512/val/n03888257/ILSVRC2012_val_00009269.JPEG,11,30208
332,/home/projects/bagon/shared/imagenet512/val/n03062245/ILSVRC2012_val_00019181.JPEG,10,30212
333,/home/projects/bagon/shared/imagenet512/val/n02817516/ILSVRC2012_val_00004556.JPEG,9,30232
334,/home/projects/bagon/shared/imagenet512/val/n01601694/ILSVRC2012_val_00028099.JPEG,10,30237
335,/home/projects/bagon/shared/imagenet512/val/n03223299/ILSVRC2012_val_00030296.JPEG,11,30245
336,/home/projects/bagon/shared/imagenet512/val/n01729322/ILSVRC2012_val_00040890.JPEG,10,30293
337,/home/projects/bagon/shared/imagenet512/val/n03447447/ILSVRC2012_val_00034216.JPEG,10,30313
338,/home/projects/bagon/shared/imagenet512/val/n03444034/ILSVRC2012_val_00047858.JPEG,9,30317
339,/home/projects/bagon/shared/imagenet512/val/n02056570/ILSVRC2012_val_00001056.JPEG,10,30318
340,/home/projects/bagon/shared/imagenet512/val/n02101556/ILSVRC2012_val_00006827.JPEG,11,30319
341,/home/projects/bagon/shared/imagenet512/val/n03384352/ILSVRC2012_val_00028183.JPEG,9,30324
342,/home/projects/bagon/shared/imagenet512/val/n03259280/ILSVRC2012_val_00021640.JPEG,9,30346
343,/home/projects/bagon/shared/imagenet512/val/n02165456/ILSVRC2012_val_00034497.JPEG,11,30350
344,/home/projects/bagon/shared/imagenet512/val/n06794110/ILSVRC2012_val_00009438.JPEG,9,30377
345,/home/projects/bagon/shared/imagenet512/val/n01784675/ILSVRC2012_val_00039704.JPEG,9,30390
346,/home/projects/bagon/shared/imagenet512/val/n04070727/ILSVRC2012_val_00031724.JPEG,9,30403
347,/home/projects/bagon/shared/imagenet512/val/n02484975/ILSVRC2012_val_00039156.JPEG,9,30418
348,/home/projects/bagon/shared/imagenet512/val/n03777754/ILSVRC2012_val_00011982.JPEG,10,30426
349,/home/projects/bagon/shared/imagenet512/val/n02134084/ILSVRC2012_val_00048940.JPEG,10,30442
350,/home/projects/bagon/shared/imagenet512/val/n03223299/ILSVRC2012_val_00007119.JPEG,9,30485
351,/home/projects/bagon/shared/imagenet512/val/n04557648/ILSVRC2012_val_00012525.JPEG,10,30487
352,/home/projects/bagon/shared/imagenet512/val/n04162706/ILSVRC2012_val_00024473.JPEG,11,30500
353,/home/projects/bagon/shared/imagenet512/val/n04357314/ILSVRC2012_val_00014837.JPEG,10,30505
354,/home/projects/bagon/shared/imagenet512/val/n02840245/ILSVRC2012_val_00005453.JPEG,11,30508
355,/home/projects/bagon/shared/imagenet512/val/n02111500/ILSVRC2012_val_00023003.JPEG,9,30513
356,/home/projects/bagon/shared/imagenet512/val/n03773504/ILSVRC2012_val_00045982.JPEG,10,30527
357,/home/projects/bagon/shared/imagenet512/val/n02814533/ILSVRC2012_val_00016314.JPEG,9,30528
358,/home/projects/bagon/shared/imagenet512/val/n03527444/ILSVRC2012_val_00021322.JPEG,10,30552
359,/home/projects/bagon/shared/imagenet512/val/n04264628/ILSVRC2012_val_00031182.JPEG,10,30559
360,/home/projects/bagon/shared/imagenet512/val/n02089867/ILSVRC2012_val_00004148.JPEG,10,30573
361,/home/projects/bagon/shared/imagenet512/val/n04376876/ILSVRC2012_val_00028876.JPEG,9,30574
362,/home/projects/bagon/shared/imagenet512/val/n02437312/ILSVRC2012_val_00042231.JPEG,10,30575
363,/home/projects/bagon/shared/imagenet512/val/n01582220/ILSVRC2012_val_00016794.JPEG,10,30582
364,/home/projects/bagon/shared/imagenet512/val/n03602883/ILSVRC2012_val_00017977.JPEG,10,30595
365,/home/projects/bagon/shared/imagenet512/val/n02492660/ILSVRC2012_val_00015339.JPEG,9,30626
366,/home/projects/bagon/shared/imagenet512/val/n02106166/ILSVRC2012_val_00011205.JPEG,10,30638
367,/home/projects/bagon/shared/imagenet512/val/n04266014/ILSVRC2012_val_00029823.JPEG,11,30659
368,/home/projects/bagon/shared/imagenet512/val/n02120079/ILSVRC2012_val_00027511.JPEG,10,30667
369,/home/projects/bagon/shared/imagenet512/val/n03047690/ILSVRC2012_val_00044185.JPEG,9,30673
370,/home/projects/bagon/shared/imagenet512/val/n02105412/ILSVRC2012_val_00006533.JPEG,11,30674
371,/home/projects/bagon/shared/imagenet512/val/n02085782/ILSVRC2012_val_00028706.JPEG,9,30677
372,/home/projects/bagon/shared/imagenet512/val/n03467068/ILSVRC2012_val_00044304.JPEG,9,30680
373,/home/projects/bagon/shared/imagenet512/val/n03485794/ILSVRC2012_val_00035523.JPEG,10,30690
374,/home/projects/bagon/shared/imagenet512/val/n01687978/ILSVRC2012_val_00040115.JPEG,10,30709
375,/home/projects/bagon/shared/imagenet512/val/n13133613/ILSVRC2012_val_00037503.JPEG,9,30712
376,/home/projects/bagon/shared/imagenet512/val/n02108000/ILSVRC2012_val_00008114.JPEG,10,30722
377,/home/projects/bagon/shared/imagenet512/val/n07697537/ILSVRC2012_val_00029037.JPEG,10,30744
378,/home/projects/bagon/shared/imagenet512/val/n02641379/ILSVRC2012_val_00045405.JPEG,10,30746
379,/home/projects/bagon/shared/imagenet512/val/n01770393/ILSVRC2012_val_00014126.JPEG,10,30747
380,/home/projects/bagon/shared/imagenet512/val/n02102040/ILSVRC2012_val_00012689.JPEG,9,30755
381,/home/projects/bagon/shared/imagenet512/val/n03868242/ILSVRC2012_val_00048117.JPEG,10,30762
382,/home/projects/bagon/shared/imagenet512/val/n02113712/ILSVRC2012_val_00005524.JPEG,10,30806
383,/home/projects/bagon/shared/imagenet512/val/n04447861/ILSVRC2012_val_00044517.JPEG,8,30836
384,/home/projects/bagon/shared/imagenet512/val/n01630670/ILSVRC2012_val_00047713.JPEG,9,30846
385,/home/projects/bagon/shared/imagenet512/val/n01667114/ILSVRC2012_val_00004019.JPEG,10,30854
386,/home/projects/bagon/shared/imagenet512/val/n01843383/ILSVRC2012_val_00035274.JPEG,9,30910
387,/home/projects/bagon/shared/imagenet512/val/n03530642/ILSVRC2012_val_00022002.JPEG,10,30932
388,/home/projects/bagon/shared/imagenet512/val/n02104029/ILSVRC2012_val_00002260.JPEG,12,30942
389,/home/projects/bagon/shared/imagenet512/val/n02704792/ILSVRC2012_val_00035644.JPEG,10,30945
390,/home/projects/bagon/shared/imagenet512/val/n01978455/ILSVRC2012_val_00021378.JPEG,9,30947
391,/home/projects/bagon/shared/imagenet512/val/n04009552/ILSVRC2012_val_00045112.JPEG,10,30948
392,/home/projects/bagon/shared/imagenet512/val/n03344393/ILSVRC2012_val_00008048.JPEG,10,30974
393,/home/projects/bagon/shared/imagenet512/val/n03291819/ILSVRC2012_val_00049529.JPEG,10,30983
394,/home/projects/bagon/shared/imagenet512/val/n03840681/ILSVRC2012_val_00013249.JPEG,10,30994
395,/home/projects/bagon/shared/imagenet512/val/n02009912/ILSVRC2012_val_00017874.JPEG,10,30998
396,/home/projects/bagon/shared/imagenet512/val/n03376595/ILSVRC2012_val_00029215.JPEG,9,31000
397,/home/projects/bagon/shared/imagenet512/val/n07697313/ILSVRC2012_val_00032631.JPEG,11,31001
398,/home/projects/bagon/shared/imagenet512/val/n01742172/ILSVRC2012_val_00043349.JPEG,10,31007
399,/home/projects/bagon/shared/imagenet512/val/n02442845/ILSVRC2012_val_00049545.JPEG,12,31018
400,/home/projects/bagon/shared/imagenet512/val/n04317175/ILSVRC2012_val_00029515.JPEG,8,31031
401,/home/projects/bagon/shared/imagenet512/val/n02110185/ILSVRC2012_val_00044104.JPEG,9,31032
402,/home/projects/bagon/shared/imagenet512/val/n03250847/ILSVRC2012_val_00018929.JPEG,9,31052
403,/home/projects/bagon/shared/imagenet512/val/n03467068/ILSVRC2012_val_00021434.JPEG,10,31056
404,/home/projects/bagon/shared/imagenet512/val/n02894605/ILSVRC2012_val_00002469.JPEG,9,31058
405,/home/projects/bagon/shared/imagenet512/val/n04554684/ILSVRC2012_val_00026036.JPEG,10,31064
406,/home/projects/bagon/shared/imagenet512/val/n13052670/ILSVRC2012_val_00014556.JPEG,9,31066
407,/home/projects/bagon/shared/imagenet512/val/n03250847/ILSVRC2012_val_00012319.JPEG,9,31072
408,/home/projects/bagon/shared/imagenet512/val/n02487347/ILSVRC2012_val_00029161.JPEG,9,31074
409,/home/projects/bagon/shared/imagenet512/val/n01616318/ILSVRC2012_val_00042410.JPEG,8,31081
410,/home/projects/bagon/shared/imagenet512/val/n02443484/ILSVRC2012_val_00018383.JPEG,15,31090
411,/home/projects/bagon/shared/imagenet512/val/n02085936/ILSVRC2012_val_00018264.JPEG,10,31103
412,/home/projects/bagon/shared/imagenet512/val/n01748264/ILSVRC2012_val_00034174.JPEG,10,31133
413,/home/projects/bagon/shared/imagenet512/val/n03895866/ILSVRC2012_val_00013920.JPEG,9,31152
414,/home/projects/bagon/shared/imagenet512/val/n02815834/ILSVRC2012_val_00001780.JPEG,1,31185
415,/home/projects/bagon/shared/imagenet512/val/n02640242/ILSVRC2012_val_00040653.JPEG,9,31187
416,/home/projects/bagon/shared/imagenet512/val/n03494278/ILSVRC2012_val_00046633.JPEG,9,31188
417,/home/projects/bagon/shared/imagenet512/val/n03590841/ILSVRC2012_val_00000505.JPEG,10,31191
418,/home/projects/bagon/shared/imagenet512/val/n02788148/ILSVRC2012_val_00004094.JPEG,1,31195
419,/home/projects/bagon/shared/imagenet512/val/n01770081/ILSVRC2012_val_00029801.JPEG,9,31203
420,/home/projects/bagon/shared/imagenet512/val/n03680355/ILSVRC2012_val_00021725.JPEG,11,31211
421,/home/projects/bagon/shared/imagenet512/val/n02009912/ILSVRC2012_val_00028849.JPEG,10,31212
422,/home/projects/bagon/shared/imagenet512/val/n02129604/ILSVRC2012_val_00003963.JPEG,9,31213
423,/home/projects/bagon/shared/imagenet512/val/n06359193/ILSVRC2012_val_00029011.JPEG,8,31222
424,/home/projects/bagon/shared/imagenet512/val/n04026417/ILSVRC2012_val_00004109.JPEG,9,31237
425,/home/projects/bagon/shared/imagenet512/val/n02106382/ILSVRC2012_val_00042303.JPEG,10,31247
426,/home/projects/bagon/shared/imagenet512/val/n03498962/ILSVRC2012_val_00047936.JPEG,9,31269
427,/home/projects/bagon/shared/imagenet512/val/n03208938/ILSVRC2012_val_00038381.JPEG,8,31275
428,/home/projects/bagon/shared/imagenet512/val/n02395406/ILSVRC2012_val_00020439.JPEG,9,31277
429,/home/projects/bagon/shared/imagenet512/val/n02860847/ILSVRC2012_val_00010828.JPEG,10,31278
430,/home/projects/bagon/shared/imagenet512/val/n03594734/ILSVRC2012_val_00009959.JPEG,11,31284
431,/home/projects/bagon/shared/imagenet512/val/n04423845/ILSVRC2012_val_00027942.JPEG,9,31285
432,/home/projects/bagon/shared/imagenet512/val/n02951585/ILSVRC2012_val_00008336.JPEG,10,31286
433,/home/projects/bagon/shared/imagenet512/val/n02093256/ILSVRC2012_val_00031334.JPEG,10,31291
434,/home/projects/bagon/shared/imagenet512/val/n02089078/ILSVRC2012_val_00049198.JPEG,9,31347
435,/home/projects/bagon/shared/imagenet512/val/n07615774/ILSVRC2012_val_00031757.JPEG,9,31355
436,/home/projects/bagon/shared/imagenet512/val/n03843555/ILSVRC2012_val_00027462.JPEG,1,31358
437,/home/projects/bagon/shared/imagenet512/val/n02100735/ILSVRC2012_val_00016108.JPEG,10,31364
438,/home/projects/bagon/shared/imagenet512/val/n02099712/ILSVRC2012_val_00040210.JPEG,11,31365
439,/home/projects/bagon/shared/imagenet512/val/n12768682/ILSVRC2012_val_00014129.JPEG,10,31371
440,/home/projects/bagon/shared/imagenet512/val/n02916936/ILSVRC2012_val_00008635.JPEG,9,31375
441,/home/projects/bagon/shared/imagenet512/val/n02093754/ILSVRC2012_val_00030770.JPEG,9,31378
442,/home/projects/bagon/shared/imagenet512/val/n03770439/ILSVRC2012_val_00002702.JPEG,1,31379
443,/home/projects/bagon/shared/imagenet512/val/n02105251/ILSVRC2012_val_00022548.JPEG,11,31408
444,/home/projects/bagon/shared/imagenet512/val/n02640242/ILSVRC2012_val_00036743.JPEG,8,31419
445,/home/projects/bagon/shared/imagenet512/val/n04317175/ILSVRC2012_val_00009153.JPEG,11,31424
446,/home/projects/bagon/shared/imagenet512/val/n03786901/ILSVRC2012_val_00049573.JPEG,10,31425
447,/home/projects/bagon/shared/imagenet512/val/n04200800/ILSVRC2012_val_00005401.JPEG,10,31431
448,/home/projects/bagon/shared/imagenet512/val/n01883070/ILSVRC2012_val_00012898.JPEG,9,31435
449,/home/projects/bagon/shared/imagenet512/val/n07836838/ILSVRC2012_val_00043992.JPEG,11,31438
450,/home/projects/bagon/shared/imagenet512/val/n02797295/ILSVRC2012_val_00017307.JPEG,8,31443
451,/home/projects/bagon/shared/imagenet512/val/n04044716/ILSVRC2012_val_00049470.JPEG,8,31459
452,/home/projects/bagon/shared/imagenet512/val/n01871265/ILSVRC2012_val_00021170.JPEG,11,31475
453,/home/projects/bagon/shared/imagenet512/val/n01644373/ILSVRC2012_val_00006987.JPEG,10,31478
454,/home/projects/bagon/shared/imagenet512/val/n03187595/ILSVRC2012_val_00017123.JPEG,10,31523
455,/home/projects/bagon/shared/imagenet512/val/n02236044/ILSVRC2012_val_00035261.JPEG,9,31538
456,/home/projects/bagon/shared/imagenet512/val/n03916031/ILSVRC2012_val_00014886.JPEG,9,31547
457,/home/projects/bagon/shared/imagenet512/val/n03908618/ILSVRC2012_val_00039199.JPEG,9,31548
458,/home/projects/bagon/shared/imagenet512/val/n02841315/ILSVRC2012_val_00017620.JPEG,10,31576
459,/home/projects/bagon/shared/imagenet512/val/n01819313/ILSVRC2012_val_00020514.JPEG,9,31577
460,/home/projects/bagon/shared/imagenet512/val/n02099712/ILSVRC2012_val_00022606.JPEG,10,31618
461,/home/projects/bagon/shared/imagenet512/val/n02091635/ILSVRC2012_val_00019639.JPEG,10,31619
462,/home/projects/bagon/shared/imagenet512/val/n02408429/ILSVRC2012_val_00009898.JPEG,10,31628
463,/home/projects/bagon/shared/imagenet512/val/n04536866/ILSVRC2012_val_00002201.JPEG,9,31633
464,/home/projects/bagon/shared/imagenet512/val/n02607072/ILSVRC2012_val_00021890.JPEG,10,31638
465,/home/projects/bagon/shared/imagenet512/val/n02037110/ILSVRC2012_val_00009991.JPEG,12,31648
466,/home/projects/bagon/shared/imagenet512/val/n03291819/ILSVRC2012_val_00046637.JPEG,9,31662
467,/home/projects/bagon/shared/imagenet512/val/n02974003/ILSVRC2012_val_00022999.JPEG,9,31668
468,/home/projects/bagon/shared/imagenet512/val/n02085782/ILSVRC2012_val_00029262.JPEG,10,31671
469,/home/projects/bagon/shared/imagenet512/val/n03868863/ILSVRC2012_val_00012336.JPEG,9,31672
470,/home/projects/bagon/shared/imagenet512/val/n02028035/ILSVRC2012_val_00029974.JPEG,10,31676
471,/home/projects/bagon/shared/imagenet512/val/n03804744/ILSVRC2012_val_00028216.JPEG,10,31717
472,/home/projects/bagon/shared/imagenet512/val/n03532672/ILSVRC2012_val_00018267.JPEG,8,31728
473,/home/projects/bagon/shared/imagenet512/val/n02089078/ILSVRC2012_val_00047543.JPEG,9,31734
474,/home/projects/bagon/shared/imagenet512/val/n03485407/ILSVRC2012_val_00013665.JPEG,12,31737
475,/home/projects/bagon/shared/imagenet512/val/n07717410/ILSVRC2012_val_00017741.JPEG,11,31740
476,/home/projects/bagon/shared/imagenet512/val/n07860988/ILSVRC2012_val_00040164.JPEG,10,31753
477,/home/projects/bagon/shared/imagenet512/val/n03223299/ILSVRC2012_val_00045002.JPEG,10,31755
478,/home/projects/bagon/shared/imagenet512/val/n02106550/ILSVRC2012_val_00012085.JPEG,11,31777
479,/home/projects/bagon/shared/imagenet512/val/n04486054/ILSVRC2012_val_00027420.JPEG,12,31783
480,/home/projects/bagon/shared/imagenet512/val/n02786058/ILSVRC2012_val_00016079.JPEG,10,31786
481,/home/projects/bagon/shared/imagenet512/val/n02268443/ILSVRC2012_val_00030535.JPEG,10,31787
482,/home/projects/bagon/shared/imagenet512/val/n03724870/ILSVRC2012_val_00000608.JPEG,11,31799
